{
    "type": "service_account",
    "project_id": "xxxxxxxx-honor-xxxxxx",
    "private_key_id": "xxxxxxxxxxxxxxxxxxxxxxxxxxxxxxx",
    "private_key": "-----BEGIN PRIVATE KEY-----\nxxxxxxxxxxxxxxxxxxxxxxxxxxx\n-----END PRIVATE KEY-----\n",
    "client_email": "xxxxxxxxx-compute@developer.gserviceaccount.com",
    "client_id": "xxxxxxxxxx",
    "auth_uri": "https://accounts.google.com/o/oauth2/auth",
    "token_uri": "https://oauth2.googleapis.com/token",
    "auth_provider_x509_cert_url": "https://www.googleapis.com/oauth2/v1/certs",
    "client_x509_cert_url": "https://www.googleapis.com/robot/v1/metadata/x509/xxxxxxxxxxxxxxx-compute%40developer.gserviceaccount.com"
  }
